Variable,Chi2,p-value,DOF,Cramers_V,Significant
Income Category,162.64088437133307,4.8192637243931304e-36,2,0.14872452159154761,Yes
College Degree,102.44807277859829,4.42824293337412e-24,1,0.11803739422436385,Yes
Mileage Category,35.97547162039815,1.5417913177019323e-08,2,0.06994730158751053,Yes
Multi-Vehicle Household,0.3780432151023166,0.5386523393832681,1,0.007170318399219625,No
Urban Region,12.357398194040316,0.0004392423945565463,1,0.040995032743587435,Yes
