Variable,Non-EV_Mean,EV_Mean,Difference,t-statistic,p-value,Cohens_d,Significant
Income Level,7.035421500386698,8.14864864864865,1.1132271482619513,-13.4210633851787,1.3642864286772475e-40,0.4803175584322271,Yes
Annual Mileage,8993.419489559165,10051.302927927927,1057.8834383687627,-2.5661240103188385,0.01030383987093938,0.09183731451799924,Yes
Vehicle Age,7.082598607888631,4.032657657657658,-3.0499409502309733,13.358028080597135,3.123942935852261e-40,-0.47806162961923276,Yes
EV Experience Score,1.9191802010827532,1.8793168168168168,-0.039863384265936386,5.6652016473316245,1.523993127953065e-08,-0.2027481537921614,Yes
Charging Access Index,0.7393967517401392,0.6814189189189189,-0.057977832821220265,11.984635567962762,8.632572721441642e-33,-0.4289101935887516,Yes
Adoption Readiness Score,6.931348520002812,7.133749658749659,0.20240113874684695,-6.791760195311545,1.194203669120845e-11,0.24306581236117092,Yes
